year,sensor,mask,threshold,land_km2,water_pct,low_obs_pct,agreement_with_s2,sla_km2
2014,landsat,True,0.2575,668.54,52.11,5.44,,718.9
2015,landsat,False,0.2575,671.77,51.87,10.62,97.24,719.1
2015,s2,True,0.2402,681.48,51.09,2.82,,719.1
2016,landsat,False,0.2575,693.21,50.31,17.05,98.73,719.7
2016,s2,True,0.2697,697.38,50.04,0.01,,719.7
2017,s2,True,0.2708,709.22,49.19,0.0,,721.5
2018,s2,True,0.261,714.96,48.78,0.0,,724.2
2019,s2,True,0.2718,713.78,48.87,0.0,,725.7
2020,s2,True,0.2562,717.27,48.62,0.0,,728.3
2021,s2,True,0.2783,722.41,48.25,0.0,,733.1
2022,s2,True,0.2795,727.18,47.91,0.0,,734.3
2023,s2,True,0.2529,726.5,47.96,0.0,,735.2
2024,s2,True,0.2775,730.77,47.65,0.0,,735.7
2025,s2,True,0.2644,732.33,47.54,0.0,,744.3
2026,s2,True,0.2372,734.38,47.39,0.0,,
