year,baseline,HABITAT_CODE,HABITAT_TYPE,area_ha,share_pct
2016,map_2010_11,,Unmapped / open water,112.614,71.83
2016,map_2010_11,16.0,Water,35.22,22.46
2016,map_2010_11,8.0,Openland,4.805,3.06
2016,map_2010_11,4.0,Mudflat,0.977,0.62
2016,map_2010_11,12.0,Other Vegetation,0.771,0.49
2016,map_2010_11,1.0,Built-up,0.767,0.49
2016,map_2010_11,9.0,Mangrove,0.632,0.4
2016,map_2010_11,19.0,Shallow Water,0.486,0.31
2016,map_2010_11,3.0,Sandflat,0.214,0.14
2016,map_2010_11,2.0,Rock Bund,0.148,0.09
2016,map_2010_11,11.0,Seagrass and Algae,0.145,0.09
2016,map_2010_11,6.0,Sandy Beach,0.0,0.0
2017,map_2010_11,16.0,Water,156.97,44.89
2017,map_2010_11,,Unmapped / open water,144.969,41.46
2017,map_2010_11,8.0,Openland,28.878,8.26
2017,map_2010_11,12.0,Other Vegetation,7.732,2.21
2017,map_2010_11,4.0,Mudflat,5.403,1.55
2017,map_2010_11,9.0,Mangrove,4.918,1.41
2017,map_2010_11,11.0,Seagrass and Algae,0.546,0.16
2017,map_2010_11,6.0,Sandy Beach,0.12,0.03
2017,map_2010_11,3.0,Sandflat,0.067,0.02
2017,map_2010_11,1.0,Built-up,0.041,0.01
2017,map_2010_11,2.0,Rock Bund,0.006,0.0
2018,map_2010_11,,Unmapped / open water,214.97,66.19
2018,map_2010_11,16.0,Water,85.416,26.3
2018,map_2010_11,8.0,Openland,17.089,5.26
2018,map_2010_11,12.0,Other Vegetation,3.574,1.1
2018,map_2010_11,19.0,Shallow Water,1.486,0.46
2018,map_2010_11,3.0,Sandflat,1.138,0.35
2018,map_2010_11,1.0,Built-up,0.397,0.12
2018,map_2010_11,4.0,Mudflat,0.334,0.1
2018,map_2010_11,11.0,Seagrass and Algae,0.218,0.07
2018,map_2010_11,2.0,Rock Bund,0.13,0.04
2018,map_2010_11,6.0,Sandy Beach,0.027,0.01
2019,map_2018,,Unmapped / open water,208.8,77.65
2019,map_2018,8.0,Openland,48.572,18.06
2019,map_2018,13.0,Sand and Rubble,3.558,1.32
2019,map_2018,11.0,Seagrass and Algae,1.969,0.73
2019,map_2018,16.0,Water,1.823,0.68
2019,map_2018,1.0,Built-up,1.521,0.57
2019,map_2018,3.0,Sandflat,1.152,0.43
2019,map_2018,19.0,Shallow Water,0.559,0.21
2019,map_2018,6.0,Sandy Beach,0.345,0.13
2019,map_2018,12.0,Other Vegetation,0.26,0.1
2019,map_2018,21.0,Coral on Rock Bund,0.23,0.09
2019,map_2018,4.0,Mudflat,0.09,0.03
2019,map_2018,2.0,Rock Bund,0.02,0.01
2019,map_2018,14.0,Coral Rubble with Seagrass and Algae,0.001,0.0
2020,map_2018,,Unmapped / open water,159.999,67.02
2020,map_2018,8.0,Openland,58.847,24.65
2020,map_2018,13.0,Sand and Rubble,8.327,3.49
2020,map_2018,16.0,Water,4.907,2.06
2020,map_2018,3.0,Sandflat,2.622,1.1
2020,map_2018,19.0,Shallow Water,1.115,0.47
2020,map_2018,6.0,Sandy Beach,0.753,0.32
2020,map_2018,20.0,Coastal Vegetation,0.693,0.29
2020,map_2018,10.0,Seagrass Meadow,0.461,0.19
2020,map_2018,9.0,Mangrove,0.33,0.14
2020,map_2018,4.0,Mudflat,0.251,0.1
2020,map_2018,11.0,Seagrass and Algae,0.143,0.06
2020,map_2018,1.0,Built-up,0.097,0.04
2020,map_2018,12.0,Other Vegetation,0.08,0.03
2020,map_2018,2.0,Rock Bund,0.063,0.03
2020,map_2018,5.0,Rocky Shore,0.029,0.01
2020,map_2018,14.0,Coral Rubble with Seagrass and Algae,0.014,0.01
2021,map_2018,,Unmapped / open water,115.347,59.92
2021,map_2018,8.0,Openland,47.16,24.5
2021,map_2018,16.0,Water,11.883,6.17
2021,map_2018,4.0,Mudflat,4.803,2.49
2021,map_2018,13.0,Sand and Rubble,3.292,1.71
2021,map_2018,9.0,Mangrove,2.485,1.29
2021,map_2018,19.0,Shallow Water,1.841,0.96
2021,map_2018,10.0,Seagrass Meadow,1.819,0.94
2021,map_2018,12.0,Other Vegetation,1.581,0.82
2021,map_2018,11.0,Seagrass and Algae,0.672,0.35
2021,map_2018,6.0,Sandy Beach,0.577,0.3
2021,map_2018,3.0,Sandflat,0.5,0.26
2021,map_2018,20.0,Coastal Vegetation,0.339,0.18
2021,map_2018,2.0,Rock Bund,0.095,0.05
2021,map_2018,14.0,Coral Rubble with Seagrass and Algae,0.079,0.04
2021,map_2018,1.0,Built-up,0.038,0.02
2022,map_2018,,Unmapped / open water,257.915,78.11
2022,map_2018,8.0,Openland,29.38,8.9
2022,map_2018,16.0,Water,22.39,6.78
2022,map_2018,4.0,Mudflat,7.336,2.22
2022,map_2018,19.0,Shallow Water,2.337,0.71
2022,map_2018,13.0,Sand and Rubble,2.274,0.69
2022,map_2018,3.0,Sandflat,2.245,0.68
2022,map_2018,12.0,Other Vegetation,1.784,0.54
2022,map_2018,10.0,Seagrass Meadow,1.759,0.53
2022,map_2018,9.0,Mangrove,1.438,0.44
2022,map_2018,14.0,Coral Rubble with Seagrass and Algae,0.646,0.2
2022,map_2018,6.0,Sandy Beach,0.332,0.1
2022,map_2018,20.0,Coastal Vegetation,0.242,0.07
2022,map_2018,11.0,Seagrass and Algae,0.093,0.03
2022,map_2018,2.0,Rock Bund,0.013,0.0
2022,map_2018,5.0,Rocky Shore,0.005,0.0
2022,map_2018,1.0,Built-up,0.001,0.0
2023,map_2018,,Unmapped / open water,156.409,74.3
2023,map_2018,8.0,Openland,27.873,13.24
2023,map_2018,16.0,Water,16.689,7.93
2023,map_2018,4.0,Mudflat,3.514,1.67
2023,map_2018,12.0,Other Vegetation,2.254,1.07
2023,map_2018,19.0,Shallow Water,1.28,0.61
2023,map_2018,9.0,Mangrove,0.897,0.43
2023,map_2018,3.0,Sandflat,0.458,0.22
2023,map_2018,13.0,Sand and Rubble,0.338,0.16
2023,map_2018,20.0,Coastal Vegetation,0.272,0.13
2023,map_2018,11.0,Seagrass and Algae,0.221,0.1
2023,map_2018,10.0,Seagrass Meadow,0.156,0.07
2023,map_2018,14.0,Coral Rubble with Seagrass and Algae,0.06,0.03
2023,map_2018,1.0,Built-up,0.055,0.03
2023,map_2018,2.0,Rock Bund,0.036,0.02
2024,map_2018,,Unmapped / open water,132.111,93.01
2024,map_2018,8.0,Openland,5.124,3.61
2024,map_2018,12.0,Other Vegetation,3.037,2.14
2024,map_2018,16.0,Water,1.392,0.98
2024,map_2018,3.0,Sandflat,0.365,0.26
2024,map_2018,11.0,Seagrass and Algae,0.009,0.01
2024,map_2018,4.0,Mudflat,0.003,0.0
2025,map_2018,,Unmapped / open water,193.825,89.42
2025,map_2018,16.0,Water,10.807,4.99
2025,map_2018,8.0,Openland,8.78,4.05
2025,map_2018,12.0,Other Vegetation,2.178,1.0
2025,map_2018,3.0,Sandflat,0.61,0.28
2025,map_2018,13.0,Sand and Rubble,0.315,0.15
2025,map_2018,4.0,Mudflat,0.103,0.05
2025,map_2018,11.0,Seagrass and Algae,0.073,0.03
2025,map_2018,2.0,Rock Bund,0.069,0.03
2025,map_2018,1.0,Built-up,0.002,0.0
