baseline,HABITAT_TYPE,map_ha,map_share_pct,reclaimed_ha,reclaimed_share_pct,selection_ratio,ci_low,ci_high
map_2010_11,Other Vegetation,4930.598,40.023,12.078,34.274,0.856,0.219,1.423
map_2010_11,Mudflat,368.735,2.993,6.714,19.052,6.365,1.538,12.702
map_2010_11,Mangrove,956.927,7.768,5.55,15.749,2.028,0.299,4.872
map_2010_11,Water,3312.334,26.887,4.89,13.877,0.516,0.081,1.307
map_2010_11,Shallow Water,122.002,0.99,1.972,5.595,5.65,0.0,16.113
map_2010_11,Sandflat,109.025,0.885,1.42,4.03,4.553,0.228,13.158
map_2010_11,Built-up,1054.439,8.559,1.204,3.418,0.399,0.074,0.975
map_2010_11,Seagrass and Algae,118.985,0.966,0.909,2.58,2.671,0.657,4.407
map_2010_11,Rock Bund,53.652,0.436,0.284,0.806,1.852,0.17,4.592
map_2010_11,Sandy Beach,100.19,0.813,0.148,0.42,0.516,0.002,1.291
map_2010_11,Openland,166.717,1.353,0.07,0.199,0.147,0.0,0.477
map_2010_11,Coral Reef Slope,132.902,1.079,0.0,0.0,0.0,0.0,0.0
map_2010_11,Coral Rubble with Seagrass and Algae,386.873,3.14,0.0,0.0,0.0,0.0,0.0
map_2010_11,Lagoon,57.235,0.465,0.0,0.0,0.0,0.0,0.0
map_2010_11,Rocky Shore,17.082,0.139,0.0,0.0,0.0,0.0,0.0
map_2010_11,Sand and Rubble,409.611,3.325,0.0,0.0,0.0,0.0,0.0
map_2010_11,Sand in Sentosa Golf Club,6.689,0.054,0.0,0.0,0.0,0.0,0.0
map_2010_11,Seagrass Meadow,13.899,0.113,0.0,0.0,0.0,0.0,0.0
map_2010_11,Small Patch Reef,1.512,0.012,0.0,0.0,0.0,0.0,0.0
map_2018,Water,734.851,5.619,24.514,22.355,3.978,1.249,6.89
map_2018,Sand and Rubble,451.666,3.454,18.104,16.51,4.78,1.846,8.269
map_2018,Mudflat,400.144,3.06,16.099,14.681,4.798,1.813,8.119
map_2018,Other Vegetation,4437.8,33.936,11.176,10.191,0.3,0.156,0.518
map_2018,Sandflat,235.929,1.804,7.951,7.251,4.019,1.872,7.0
map_2018,Shallow Water,1539.508,11.773,7.132,6.504,0.552,0.104,1.077
map_2018,Openland,796.294,6.089,5.533,5.046,0.829,0.284,1.645
map_2018,Mangrove,932.764,7.133,5.15,4.696,0.658,0.139,1.364
map_2018,Seagrass Meadow,40.75,0.312,4.194,3.825,12.273,4.236,22.327
map_2018,Seagrass and Algae,188.907,1.445,3.179,2.899,2.007,0.455,4.794
map_2018,Sandy Beach,117.905,0.902,2.007,1.83,2.03,0.603,3.946
map_2018,Built-up,1723.581,13.18,1.714,1.563,0.119,0.016,0.289
map_2018,Coastal Vegetation,804.797,6.154,1.546,1.41,0.229,0.089,0.388
map_2018,Coral Rubble with Seagrass and Algae,384.059,2.937,0.8,0.729,0.248,0.016,0.756
map_2018,Rock Bund,103.011,0.788,0.295,0.269,0.342,0.114,0.645
map_2018,Coral on Rock Bund,42.276,0.323,0.23,0.21,0.648,0.0,2.201
map_2018,Rocky Shore,41.112,0.314,0.034,0.031,0.099,0.0,0.268
map_2018,Coral Reef Slope,101.519,0.776,0.0,0.0,0.0,0.0,0.0
