rec_id,year,area_ha,radar_year,status,water_2015,water_2016,water_2017,water_2018,water_2019,water_2020,water_2021,water_2022,water_2023,water_2024,water_2025,water_2026
0,2016,41.14,2016,same year,0.939,0.0,0.39,0.041,0.143,0.014,0.0,0.0,0.0,0.001,0.117,0.123
1,2016,28.01,2016,same year,0.944,0.001,0.024,0.203,0.0,0.0,0.0,0.0,0.0,0.0,0.0,0.0
2,2016,13.91,0,no transition seen,0.0,0.0,0.0,0.0,0.0,0.0,0.0,0.0,0.0,0.0,0.0,0.0
3,2016,13.33,2016,same year,0.631,0.008,0.474,0.212,0.004,0.0,0.0,0.0,0.0,0.0,0.0,0.0
4,2016,8.59,0,no transition seen,0.332,0.048,0.228,0.059,0.0,0.0,0.0,0.0,0.0,0.0,0.0,0.0
5,2016,4.74,0,no transition seen,0.0,0.0,0.0,0.0,0.0,0.0,0.0,0.0,0.0,0.0,0.0,0.0
6,2016,4.51,2016,same year,0.634,0.0,0.255,0.082,0.024,0.018,0.004,0.0,0.0,0.0,0.0,0.0
7,2016,3.38,2016,same year,0.959,0.0,0.006,0.012,0.0,0.0,0.0,0.0,0.0,0.0,0.0,0.0
8,2016,1.86,2016,same year,0.57,0.0,0.0,0.0,0.0,0.0,0.0,0.0,0.0,0.0,0.0,0.0
9,2016,1.72,2016,same year,1.0,0.122,0.0,0.012,0.157,0.0,0.0,0.0,0.0,0.0,0.0,0.0
10,2016,1.5,0,no transition seen,0.98,0.0,0.027,1.0,0.22,0.0,0.0,0.0,0.0,0.0,0.0,0.0
11,2016,1.46,2016,same year,0.829,0.0,0.0,0.068,0.0,0.0,0.0,0.0,0.0,0.0,0.0,0.0
12,2016,1.44,2016,same year,1.0,0.118,0.021,0.056,0.049,0.035,0.104,0.014,0.021,0.028,0.014,0.0
13,2016,1.38,0,no transition seen,0.0,0.0,0.0,0.0,0.0,0.0,0.0,0.0,0.0,0.0,0.0,0.0
14,2016,1.38,0,no transition seen,0.0,0.0,0.0,0.0,0.0,0.0,0.0,0.0,0.0,0.0,0.0,0.0
15,2016,1.37,0,no transition seen,0.0,0.0,0.0,0.0,0.0,0.0,0.0,0.0,0.0,0.0,0.0,0.0
16,2016,1.3,0,no transition seen,0.0,0.0,0.0,0.0,0.0,0.0,0.0,0.0,0.0,0.0,0.0,0.0
17,2016,1.24,0,no transition seen,0.0,0.0,0.0,0.0,0.0,0.0,0.0,0.0,0.0,0.0,0.0,0.0
18,2016,1.12,2016,same year,0.902,0.0,0.0,0.0,0.0,0.0,0.0,0.0,0.0,0.0,0.0,0.0
19,2016,1.05,0,no transition seen,0.0,0.0,0.0,0.0,0.0,0.0,0.0,0.0,0.0,0.0,0.0,0.0
20,2016,1.03,0,no transition seen,0.0,0.0,0.0,0.0,0.0,0.0,0.0,0.0,0.0,0.0,0.0,0.0
21,2016,1.01,0,no transition seen,0.0,0.0,0.0,0.0,0.0,0.0,0.0,0.0,0.0,0.0,0.0,0.0
22,2016,1.0,2016,same year,0.96,0.0,0.0,0.17,0.0,0.0,0.0,0.0,0.0,0.0,0.0,0.0
23,2016,0.96,2017,1 year apart,1.0,0.51,0.0,0.0,0.0,0.042,0.0,0.0,0.031,0.052,0.031,0.0
24,2016,0.96,0,no transition seen,0.0,0.0,0.0,0.0,0.0,0.0,0.0,0.0,0.0,0.0,0.0,0.0
25,2016,0.92,2016,same year,1.0,0.228,0.033,0.011,0.0,0.0,0.0,0.0,0.011,0.022,0.0,0.0
26,2016,0.92,0,no transition seen,0.0,0.0,0.0,0.0,0.0,0.0,0.0,0.0,0.0,0.0,0.0,0.0
27,2016,0.9,0,no transition seen,0.0,0.0,0.0,0.0,0.0,0.0,0.0,0.0,0.0,0.0,0.0,0.0
28,2016,0.86,0,no transition seen,0.0,0.0,0.0,0.0,0.0,0.0,0.0,0.0,0.0,0.0,0.0,0.0
29,2016,0.85,0,no transition seen,0.0,0.0,0.0,0.0,0.0,0.0,0.0,0.0,0.0,0.0,0.0,0.0
30,2016,0.84,2016,same year,0.964,0.083,0.0,0.0,0.071,0.083,0.095,0.036,0.012,0.012,0.012,0.0
31,2016,0.82,0,no transition seen,0.0,0.0,0.0,0.0,0.0,0.0,0.0,0.0,0.0,0.0,0.0,0.0
32,2016,0.75,2016,same year,0.867,0.0,0.24,0.253,0.373,0.28,0.2,0.12,0.04,0.027,0.013,0.053
33,2016,0.73,2016,same year,0.685,0.0,0.0,0.0,0.0,0.0,0.0,0.0,0.0,0.0,0.0,0.0
34,2016,0.69,0,no transition seen,0.0,0.0,0.0,0.0,0.0,0.0,0.0,0.0,0.0,0.0,0.0,0.0
35,2016,0.68,2016,same year,0.794,0.0,0.029,0.029,0.044,0.0,0.015,0.015,0.0,0.015,0.0,0.015
36,2016,0.65,0,no transition seen,0.0,0.0,0.0,0.0,0.0,0.0,0.0,0.0,0.0,0.0,0.0,0.0
37,2016,0.64,2016,same year,0.797,0.0,0.0,0.0,0.172,0.0,0.0,0.0,0.0,0.0,0.0,0.0
38,2016,0.63,0,no transition seen,0.0,0.0,0.0,0.0,0.0,0.0,0.0,0.0,0.0,0.0,0.0,0.0
39,2016,0.61,0,no transition seen,0.541,0.213,0.361,0.508,0.033,0.0,0.0,0.0,0.0,0.0,0.0,0.0
40,2016,0.6,0,no transition seen,0.0,0.0,0.0,0.0,0.0,0.0,0.0,0.0,0.0,0.0,0.0,0.0
41,2016,0.6,0,no transition seen,0.0,0.0,0.0,0.0,0.0,0.0,0.0,0.0,0.0,0.0,0.0,0.0
42,2016,0.58,0,no transition seen,0.0,0.0,0.0,0.0,0.0,0.0,0.0,0.0,0.0,0.0,0.0,0.0
43,2016,0.56,0,no transition seen,0.0,0.0,0.0,0.0,0.0,0.0,0.0,0.0,0.0,0.0,0.0,0.0
44,2016,0.52,2016,same year,0.788,0.0,0.0,0.0,0.0,0.0,0.0,0.0,0.0,0.0,0.0,0.0
45,2016,0.52,0,no transition seen,0.0,0.0,0.0,0.0,0.0,0.0,0.0,0.0,0.0,0.0,0.0,0.0
46,2016,0.51,2016,same year,0.882,0.0,0.0,0.0,0.0,0.0,0.0,0.0,0.0,0.0,0.0,0.0
47,2016,0.51,0,no transition seen,0.0,0.0,0.0,0.0,0.0,0.0,0.0,0.0,0.0,0.0,0.0,0.0
48,2016,0.5,0,no transition seen,0.0,0.0,0.0,0.0,0.0,0.0,0.0,0.0,0.0,0.0,0.0,0.0
49,2016,0.5,0,no transition seen,0.0,0.0,0.0,0.0,0.0,0.0,0.0,0.0,0.0,0.0,0.0,0.0
50,2016,0.5,0,no transition seen,0.0,0.0,0.1,0.0,0.0,0.0,0.0,0.0,0.0,0.0,0.0,0.0
51,2017,72.55,2016,1 year apart,0.992,0.227,0.04,0.404,0.014,0.0,0.0,0.0,0.0,0.0,0.0,0.0
52,2017,62.77,2017,same year,0.99,0.87,0.0,0.002,0.185,0.049,0.157,0.0,0.0,0.0,0.0,0.0
53,2017,31.16,2016,1 year apart,0.963,0.353,0.126,0.121,0.019,0.005,0.005,0.017,0.013,0.004,0.005,0.0
54,2017,29.71,2016,1 year apart,0.932,0.355,0.032,0.172,0.145,0.05,0.014,0.0,0.004,0.002,0.004,0.003
55,2017,27.48,2017,same year,0.824,0.562,0.0,0.147,0.313,0.013,0.0,0.0,0.0,0.0,0.0,0.0
56,2017,11.7,2016,1 year apart,0.996,0.003,0.085,0.379,0.103,0.0,0.0,0.0,0.0,0.0,0.0,0.0
57,2017,11.14,2018,1 year apart,0.988,0.927,0.712,0.356,0.383,0.184,0.075,0.072,0.102,0.022,0.008,0.009
58,2017,8.68,2017,same year,1.0,0.591,0.003,0.053,0.063,0.001,0.0,0.003,0.002,0.003,0.003,0.001
59,2017,8.3,2016,1 year apart,0.893,0.311,0.0,0.001,0.051,0.02,0.023,0.006,0.0,0.0,0.0,0.0
60,2017,6.55,2017,same year,0.757,0.939,0.0,0.0,0.234,0.0,0.0,0.0,0.0,0.0,0.0,0.0
61,2017,5.87,2017,same year,1.0,0.566,0.0,0.0,0.0,0.0,0.0,0.0,0.0,0.0,0.0,0.0
62,2017,5.51,2020,more than 1 year apart,1.0,1.0,0.926,0.853,0.623,0.327,0.241,0.105,0.031,0.024,0.031,0.009
63,2017,4.82,2021,more than 1 year apart,0.956,0.954,0.969,0.95,0.915,0.743,0.496,0.203,0.075,0.056,0.027,0.035
64,2017,4.77,2016,1 year apart,0.868,0.245,0.0,0.0,0.0,0.002,0.0,0.0,0.0,0.0,0.0,0.0
65,2017,4.42,2017,same year,0.869,0.674,0.0,0.0,0.002,0.032,0.0,0.0,0.0,0.0,0.0,0.0
66,2017,4.4,0,no transition seen,0.0,0.0,0.0,0.0,0.0,0.0,0.0,0.0,0.0,0.0,0.0,0.0
67,2017,4.28,0,no transition seen,0.911,0.645,0.098,0.313,0.002,0.0,0.717,0.002,0.0,0.0,0.0,0.0
68,2017,3.88,2016,1 year apart,0.925,0.296,0.0,0.01,0.0,0.005,0.0,0.0,0.0,0.0,0.0,0.026
69,2017,2.8,2016,1 year apart,0.929,0.0,0.0,0.0,0.0,0.0,0.0,0.0,0.0,0.0,0.0,0.0
70,2017,2.59,2022,more than 1 year apart,0.923,0.996,0.0,0.0,0.0,0.822,0.88,0.0,0.0,0.0,0.0,0.0
71,2017,2.39,2022,more than 1 year apart,0.782,1.0,0.0,0.0,0.0,0.594,0.678,0.0,0.0,0.0,0.0,0.0
72,2017,2.39,2020,more than 1 year apart,1.0,0.962,0.841,0.577,0.72,0.339,0.038,0.0,0.004,0.0,0.0,0.0
73,2017,2.21,0,no transition seen,0.0,0.0,0.0,0.0,0.0,0.0,0.0,0.0,0.0,0.0,0.0,0.0
74,2017,2.16,2017,same year,1.0,1.0,0.088,0.102,0.023,0.014,0.028,0.051,0.083,0.051,0.005,0.0
75,2017,2.02,0,no transition seen,0.0,0.0,0.0,0.0,0.0,0.0,0.0,0.0,0.0,0.0,0.0,0.0
76,2017,1.82,2016,1 year apart,0.956,0.0,0.0,0.0,0.0,0.0,0.0,0.0,0.0,0.0,0.0,0.0
77,2017,1.74,0,no transition seen,1.0,1.0,0.983,1.0,0.989,0.966,0.96,0.851,0.977,0.609,0.098,0.828
78,2017,1.4,2025,more than 1 year apart,1.0,1.0,0.907,0.914,0.643,0.486,0.486,0.486,0.986,0.664,0.021,0.307
79,2017,1.36,2016,1 year apart,1.0,0.11,0.0,0.0,0.0,0.0,0.0,0.007,0.0,0.0,0.0,0.0
80,2017,1.29,0,no transition seen,0.0,0.0,0.0,0.0,0.0,0.0,0.0,0.0,0.0,0.0,0.0,0.0
81,2017,1.28,2017,same year,0.977,0.555,0.016,0.008,0.016,0.031,0.031,0.016,0.031,0.023,0.031,0.016
82,2017,1.21,0,no transition seen,0.0,0.0,0.0,0.0,0.0,0.0,0.0,0.0,0.0,0.0,0.0,0.0
83,2017,1.2,0,no transition seen,0.0,0.0,0.0,0.0,0.0,0.0,0.0,0.0,0.0,0.0,0.0,0.0
84,2017,1.03,0,no transition seen,0.0,0.0,0.0,0.0,0.0,0.0,0.0,0.0,0.0,0.0,0.0,0.0
85,2017,1.03,0,no transition seen,0.0,0.0,0.0,0.0,0.0,0.0,0.0,0.0,0.0,0.0,0.0,0.0
86,2017,1.02,0,no transition seen,0.451,0.0,0.0,0.0,0.0,0.0,0.0,0.0,0.0,0.0,0.0,0.0
87,2017,0.95,0,no transition seen,0.0,0.0,0.0,0.0,0.0,0.0,0.0,0.0,0.0,0.0,0.0,0.0
88,2017,0.93,0,no transition seen,0.0,0.0,0.0,0.0,0.0,0.0,0.0,0.0,0.0,0.0,0.0,0.0
89,2017,0.9,0,no transition seen,0.0,0.0,0.0,0.0,0.0,0.0,0.0,0.0,0.0,0.0,0.0,0.0
90,2017,0.89,0,no transition seen,0.0,0.0,0.0,0.0,0.0,0.0,0.0,0.0,0.0,0.0,0.0,0.0
91,2017,0.82,0,no transition seen,0.0,0.0,0.0,0.0,0.0,0.0,0.0,0.0,0.0,0.0,0.0,0.0
92,2017,0.81,0,no transition seen,0.0,0.0,0.0,0.0,0.0,0.0,0.0,0.0,0.0,0.0,0.0,0.0
93,2017,0.73,0,no transition seen,0.0,0.0,0.0,0.0,0.0,0.0,0.0,0.0,0.0,0.0,0.0,0.0
94,2017,0.66,0,no transition seen,0.0,0.0,0.0,0.0,0.0,0.0,0.0,0.0,0.0,0.0,0.0,0.0
95,2017,0.64,2017,same year,1.0,0.734,0.016,0.047,0.0,0.031,0.078,0.078,0.109,0.109,0.031,0.0
96,2017,0.63,2016,1 year apart,0.841,0.032,0.0,0.016,0.0,0.0,0.0,0.0,0.0,0.0,0.0,0.0
97,2017,0.6,2016,1 year apart,1.0,0.4,0.0,0.0,0.0,0.0,0.0,0.0,0.0,0.0,0.0,0.0
98,2017,0.56,2017,same year,1.0,1.0,0.0,0.0,0.0,0.071,0.018,0.0,0.0,0.0,0.0,0.0
99,2017,0.55,2017,same year,1.0,1.0,0.0,0.0,0.073,0.0,0.0,0.0,0.0,0.0,0.036,0.0
100,2017,0.54,0,no transition seen,0.0,0.0,0.0,0.0,0.0,0.0,0.0,0.0,0.0,0.0,0.0,0.0
101,2017,0.51,2017,same year,0.922,0.882,0.0,0.0,0.0,0.0,0.0,0.0,0.0,0.0,0.0,0.0
102,2018,89.23,2017,1 year apart,0.919,0.855,0.383,0.001,0.166,0.006,0.008,0.0,0.0,0.0,0.0,0.0
103,2018,81.31,0,no transition seen,0.98,0.971,0.988,0.99,0.987,0.913,0.737,0.349,0.152,0.359,0.706,0.646
104,2018,48.12,2017,1 year apart,1.0,0.998,0.443,0.001,0.009,0.303,0.136,0.0,0.001,0.001,0.002,0.0
105,2018,25.46,0,no transition seen,0.769,0.994,0.426,0.005,0.0,0.411,0.7,0.0,0.0,0.0,0.0,0.0
106,2018,23.01,2018,same year,0.975,0.842,0.51,0.029,0.034,0.007,0.001,0.0,0.0,0.0,0.0,0.0
107,2018,18.83,2018,same year,0.614,0.95,0.936,0.009,0.089,0.411,0.326,0.041,0.001,0.0,0.0,0.01
108,2018,6.21,2017,1 year apart,0.944,0.858,0.485,0.013,0.378,0.082,0.0,0.0,0.0,0.018,0.0,0.013
109,2018,5.08,2018,same year,0.998,1.0,0.852,0.419,0.435,0.293,0.248,0.024,0.037,0.01,0.004,0.006
110,2018,3.98,2017,1 year apart,1.0,1.0,0.362,0.0,0.357,0.427,0.058,0.0,0.0,0.025,0.003,0.025
111,2018,3.3,2017,1 year apart,0.976,0.964,0.0,0.0,0.47,0.003,0.0,0.0,0.0,0.0,0.0,0.0
112,2018,2.35,0,no transition seen,1.0,1.0,0.63,0.0,0.0,0.749,0.383,0.0,0.0,0.0,0.0,0.0
113,2018,2.22,2022,more than 1 year apart,1.0,0.991,0.428,0.0,0.0,0.797,0.775,0.0,0.0,0.0,0.0,0.0
114,2018,1.96,2018,same year,1.0,1.0,0.888,0.0,0.0,0.112,0.107,0.0,0.0,0.0,0.0,0.0
115,2018,1.52,2017,1 year apart,1.0,0.941,0.079,0.0,0.0,0.02,0.066,0.0,0.0,0.026,0.0,0.066
116,2018,1.48,2018,same year,1.0,1.0,0.926,0.0,0.122,0.0,0.0,0.0,0.0,0.0,0.0,0.0
117,2018,1.36,2018,same year,1.0,1.0,0.838,0.0,0.015,0.022,0.0,0.0,0.0,0.022,0.015,0.0
118,2018,1.31,2017,1 year apart,1.0,0.969,0.069,0.0,0.023,0.0,0.0,0.0,0.0,0.0,0.0,0.168
119,2018,1.0,2017,1 year apart,0.75,0.59,0.16,0.03,0.0,0.34,0.0,0.0,0.0,0.0,0.0,0.0
120,2018,0.8,2017,1 year apart,1.0,1.0,0.025,0.0,0.0,0.0,0.0,0.0,0.0,0.05,0.0,0.0
121,2018,0.8,2017,1 year apart,1.0,1.0,0.0,0.0,0.188,0.0,0.0,0.0,0.0,0.0,0.0,0.0
122,2018,0.8,2017,1 year apart,1.0,1.0,0.0,0.0,0.0,0.112,0.0,0.0,0.0,0.0,0.0,0.0
123,2018,0.68,0,no transition seen,0.397,1.0,0.015,0.0,0.0,0.25,0.382,0.0,0.0,0.0,0.0,0.0
124,2018,0.62,2018,same year,0.984,0.887,0.952,0.081,0.0,0.0,0.0,0.0,0.0,0.0,0.0,0.0
125,2018,0.62,2017,1 year apart,0.581,0.516,0.0,0.0,0.0,0.0,0.0,0.0,0.0,0.0,0.0,0.0
126,2018,0.59,2022,more than 1 year apart,1.0,1.0,0.068,0.0,0.0,0.831,0.797,0.22,0.0,0.0,0.0,0.0
127,2018,0.57,0,no transition seen,0.228,1.0,0.0,0.0,0.0,0.211,0.053,0.0,0.0,0.0,0.0,0.0
128,2018,0.53,2017,1 year apart,1.0,1.0,0.132,0.0,0.0,0.0,0.0,0.0,0.0,0.245,0.0,0.0
129,2018,0.53,0,no transition seen,0.0,0.0,0.132,0.0,0.0,0.0,0.0,0.0,0.0,0.0,0.0,0.0
130,2018,0.51,2017,1 year apart,1.0,1.0,0.0,0.0,0.392,0.0,0.0,0.0,0.0,0.0,0.0,0.0
131,2019,96.53,2018,1 year apart,0.968,0.974,0.87,0.161,0.152,0.152,0.024,0.005,0.0,0.0,0.0,0.0
132,2019,31.82,2018,1 year apart,0.904,0.8,0.791,0.495,0.0,0.014,0.341,0.036,0.0,0.0,0.0,0.0
133,2019,27.96,2019,same year,0.92,0.986,0.991,0.543,0.06,0.304,0.34,0.058,0.008,0.009,0.007,0.003
134,2019,19.22,2019,same year,0.943,0.953,0.97,0.954,0.007,0.148,0.004,0.01,0.001,0.001,0.001,0.001
135,2019,18.84,2018,1 year apart,1.0,1.0,0.996,0.464,0.036,0.235,0.0,0.0,0.0,0.048,0.016,0.002
136,2019,16.43,2018,1 year apart,1.0,1.0,0.988,0.413,0.131,0.102,0.001,0.0,0.009,0.015,0.0,0.017
137,2019,11.22,2021,more than 1 year apart,1.0,0.978,1.0,1.0,0.739,0.573,0.405,0.123,0.11,0.182,0.186,0.182
138,2019,7.66,0,no transition seen,0.103,0.236,0.311,0.196,0.0,0.007,0.0,0.0,0.0,0.0,0.0,0.0
139,2019,6.48,2017,more than 1 year apart,1.0,0.722,0.273,0.051,0.0,0.173,0.054,0.002,0.0,0.0,0.0,0.0
140,2019,3.72,2022,more than 1 year apart,0.898,0.989,0.941,0.987,0.925,0.626,0.551,0.298,0.194,0.019,0.003,0.0
141,2019,2.31,2019,same year,0.831,0.784,0.81,0.827,0.009,0.0,0.0,0.009,0.0,0.0,0.0,0.0
142,2019,2.3,2019,same year,0.535,0.417,0.904,0.817,0.0,0.174,0.357,0.0,0.009,0.0,0.052,0.0
143,2019,2.28,0,no transition seen,0.206,0.193,0.228,0.0,0.0,0.0,0.0,0.0,0.0,0.0,0.0,0.0
144,2019,2.1,2018,1 year apart,1.0,1.0,1.0,0.229,0.0,0.457,0.471,0.0,0.0,0.0,0.0,0.0
145,2019,2.03,2022,more than 1 year apart,1.0,1.0,0.527,0.281,0.02,0.581,0.567,0.0,0.0,0.0,0.0,0.0
146,2019,1.74,0,no transition seen,1.0,0.718,0.011,0.655,0.0,0.0,0.0,0.0,0.0,0.0,0.0,0.011
147,2019,1.56,2019,same year,1.0,0.987,0.987,0.66,0.0,0.019,0.026,0.0,0.0,0.0,0.026,0.0
148,2019,1.51,2018,1 year apart,1.0,1.0,0.967,0.0,0.205,0.0,0.0,0.0,0.0,0.0,0.0,0.0
149,2019,1.4,2023,more than 1 year apart,1.0,1.0,1.0,1.0,1.0,0.814,0.843,0.55,0.193,0.1,0.129,0.221
150,2019,1.21,2017,more than 1 year apart,1.0,1.0,0.0,0.0,0.0,0.347,0.0,0.0,0.0,0.0,0.0,0.0
151,2019,1.1,2019,same year,1.0,0.918,1.0,0.718,0.064,0.0,0.0,0.0,0.0,0.0,0.0,0.0
152,2019,1.08,2019,same year,0.917,0.907,0.907,0.537,0.0,0.028,0.0,0.0,0.0,0.0,0.0,0.0
153,2019,1.06,0,no transition seen,0.0,0.0,0.0,0.0,0.0,0.0,0.0,0.0,0.0,0.0,0.0,0.0
154,2019,0.96,2019,same year,1.0,0.969,0.979,0.802,0.0,0.0,0.01,0.0,0.0,0.0,0.0,0.0
155,2019,0.94,2018,1 year apart,0.553,0.989,0.989,0.043,0.0,0.0,0.0,0.0,0.0,0.0,0.0,0.0
156,2019,0.88,0,no transition seen,0.682,0.318,0.034,0.739,0.0,0.0,0.0,0.0,0.0,0.0,0.0,0.0
157,2019,0.76,0,no transition seen,1.0,1.0,0.0,0.605,0.0,0.0,0.0,0.0,0.0,0.0,0.026,0.0
158,2019,0.75,2017,more than 1 year apart,1.0,0.867,0.48,0.0,0.0,0.0,0.0,0.04,0.0,0.0,0.0,0.0
159,2019,0.69,0,no transition seen,1.0,1.0,0.87,0.13,0.0,0.957,0.42,0.0,0.0,0.0,0.0,0.0
160,2019,0.64,2019,same year,1.0,1.0,1.0,0.766,0.0,0.0,0.0,0.0,0.0,0.0,0.0,0.0
161,2019,0.63,2017,more than 1 year apart,1.0,1.0,0.0,0.0,0.0,0.365,0.0,0.0,0.0,0.0,0.0,0.0
162,2019,0.59,2021,more than 1 year apart,0.797,0.593,0.847,0.627,0.797,0.525,0.0,0.0,0.085,0.0,0.0,0.0
163,2019,0.5,2022,more than 1 year apart,1.0,1.0,0.98,0.56,0.0,0.94,0.98,0.0,0.0,0.0,0.0,0.0
164,2020,62.83,2020,same year,0.986,0.989,0.967,0.906,0.735,0.144,0.04,0.016,0.002,0.0,0.0,0.0
165,2020,42.33,2019,1 year apart,0.879,0.932,0.95,0.935,0.343,0.04,0.017,0.034,0.059,0.027,0.0,0.0
166,2020,16.37,2020,same year,0.988,0.976,0.976,0.975,0.942,0.183,0.016,0.0,0.0,0.001,0.111,0.001
167,2020,15.36,2020,same year,0.964,0.962,0.966,0.966,0.951,0.111,0.024,0.007,0.0,0.0,0.028,0.0
168,2020,15.06,2019,1 year apart,0.939,0.928,1.0,0.983,0.494,0.013,0.008,0.0,0.0,0.001,0.157,0.009
169,2020,14.26,2020,same year,0.935,0.914,0.911,0.901,0.919,0.37,0.014,0.004,0.002,0.0,0.247,0.0
170,2020,12.31,2020,same year,1.0,1.0,1.0,1.0,0.836,0.139,0.058,0.004,0.006,0.037,0.234,0.123
171,2020,6.79,0,no transition seen,0.386,0.295,0.368,0.513,0.389,0.013,0.001,0.0,0.007,0.066,0.04,0.0
172,2020,6.11,2019,1 year apart,1.0,1.0,1.0,1.0,0.362,0.0,0.0,0.0,0.0,0.0,0.064,0.0
173,2020,4.63,2020,same year,0.97,0.801,0.59,0.786,0.834,0.0,0.0,0.009,0.0,0.0,0.0,0.0
174,2020,4.02,2019,1 year apart,0.167,0.818,0.863,0.811,0.117,0.289,0.002,0.0,0.0,0.0,0.0,0.0
175,2020,3.33,2019,1 year apart,1.0,1.0,1.0,0.976,0.132,0.036,0.027,0.003,0.0,0.0,0.0,0.0
176,2020,3.02,2020,same year,0.805,0.788,0.805,0.781,0.828,0.04,0.0,0.0,0.0,0.0,0.03,0.04
177,2020,3.02,0,no transition seen,0.977,0.891,0.894,0.573,0.0,0.0,0.864,0.123,0.0,0.0,0.0,0.0
178,2020,2.63,2022,more than 1 year apart,0.973,0.966,0.962,0.962,0.954,0.848,0.525,0.004,0.004,0.0,0.0,0.03
179,2020,2.47,0,no transition seen,0.247,0.231,0.251,0.138,0.036,0.0,0.0,0.0,0.0,0.0,0.0,0.0
180,2020,2.14,2020,same year,0.916,0.967,0.958,1.0,0.57,0.187,0.005,0.042,0.0,0.0,0.0,0.0
181,2020,1.78,2023,more than 1 year apart,1.0,1.0,0.989,1.0,0.983,0.955,0.708,0.697,0.315,0.022,0.0,0.017
182,2020,1.76,2020,same year,0.858,0.716,0.818,0.818,0.852,0.375,0.011,0.011,0.0,0.017,0.375,0.034
183,2020,1.64,0,no transition seen,1.0,1.0,1.0,0.64,0.183,0.274,0.683,0.0,0.0,0.0,0.0,0.0
184,2020,1.63,0,no transition seen,1.0,1.0,1.0,0.687,0.454,0.067,0.982,0.0,0.0,0.0,0.0,0.0
185,2020,1.59,0,no transition seen,0.189,0.0,0.0,0.893,0.264,0.0,0.0,0.0,0.0,0.0,0.0,0.05
186,2020,1.36,2023,more than 1 year apart,1.0,1.0,0.978,1.0,1.0,0.934,0.882,0.684,0.257,0.206,0.0,0.0
187,2020,1.21,2019,1 year apart,0.521,0.512,0.512,0.504,0.421,0.0,0.0,0.0,0.0,0.0,0.0,0.0
188,2020,1.11,0,no transition seen,1.0,1.0,1.0,0.036,0.018,0.0,0.946,0.0,0.0,0.0,0.0,0.0
189,2020,1.09,2020,same year,0.67,0.523,0.587,0.56,0.587,0.0,0.0,0.018,0.0,0.0,0.0,0.0
190,2020,1.02,2019,1 year apart,1.0,1.0,0.961,1.0,0.108,0.0,0.0,0.02,0.0,0.0,0.0,0.0
191,2020,0.96,0,no transition seen,1.0,1.0,1.0,1.0,0.0,0.0,1.0,0.229,0.0,0.0,0.0,0.0
192,2020,0.94,2020,same year,1.0,0.681,0.021,0.883,0.585,0.0,0.0,0.0,0.0,0.0,0.0,0.0
193,2020,0.92,0,no transition seen,1.0,1.0,1.0,0.848,0.076,0.109,0.978,0.0,0.0,0.0,0.0,0.0
194,2020,0.92,0,no transition seen,0.0,0.0,0.0,0.0,0.0,0.0,0.0,0.0,0.0,0.0,0.0,0.0
195,2020,0.83,2022,more than 1 year apart,1.0,1.0,0.663,0.0,0.41,0.723,1.0,0.0,0.0,0.0,0.0,0.0
196,2020,0.76,2019,1 year apart,1.0,0.974,0.737,0.579,0.5,0.0,0.0,0.0,0.0,0.0,0.0,0.066
197,2020,0.75,2019,1 year apart,1.0,1.0,1.0,0.693,0.0,0.44,0.0,0.0,0.0,0.04,0.0,0.0
198,2020,0.66,2019,1 year apart,1.0,1.0,1.0,1.0,0.0,0.394,0.0,0.0,0.0,0.0,0.0,0.0
199,2020,0.6,0,no transition seen,0.133,0.517,0.417,1.0,0.2,0.0,0.0,0.0,0.0,0.0,0.0,0.0
200,2020,0.52,2021,1 year apart,0.788,0.788,0.808,0.808,1.0,0.692,0.038,0.038,0.0,0.0,0.327,0.0
201,2021,51.87,2021,same year,0.955,0.955,0.956,0.956,0.948,0.842,0.043,0.008,0.012,0.007,0.297,0.11
202,2021,23.6,2020,1 year apart,0.864,0.863,0.996,0.973,0.933,0.422,0.0,0.0,0.01,0.0,0.062,0.031
203,2021,21.1,0,no transition seen,1.0,0.955,0.945,0.953,0.955,0.719,0.0,0.148,0.516,0.347,0.482,0.234
204,2021,19.39,2021,same year,0.89,0.879,0.875,0.86,0.932,0.881,0.041,0.0,0.0,0.001,0.273,0.032
205,2021,10.31,2021,same year,0.946,0.929,0.944,0.944,0.963,0.927,0.028,0.01,0.004,0.0,0.232,0.021
206,2021,10.15,2021,same year,0.769,0.732,0.737,0.679,0.605,0.882,0.037,0.0,0.003,0.021,0.018,0.0
207,2021,6.89,2021,same year,0.848,0.816,0.814,0.801,0.853,0.525,0.016,0.0,0.003,0.0,0.029,0.0
208,2021,6.52,2021,same year,0.995,0.494,0.515,0.531,0.541,0.609,0.0,0.127,0.037,0.003,0.003,0.086
209,2021,6.02,2020,1 year apart,0.972,0.877,0.875,0.699,0.751,0.447,0.002,0.0,0.0,0.0,0.0,0.0
210,2021,5.9,2020,1 year apart,0.986,0.88,0.956,0.959,0.636,0.332,0.063,0.008,0.01,0.173,0.193,0.058
211,2021,5.06,2021,same year,0.99,0.976,0.923,0.974,0.978,0.573,0.0,0.02,0.0,0.0,0.0,0.0
212,2021,4.62,2021,same year,1.0,0.989,0.983,0.985,0.989,0.885,0.13,0.0,0.002,0.0,0.013,0.0
213,2021,2.83,0,no transition seen,0.0,0.0,0.0,0.0,0.29,0.936,0.0,0.0,0.0,0.0,0.795,0.519
214,2021,2.35,2021,same year,1.0,1.0,0.987,0.953,1.0,0.881,0.038,0.0,0.0,0.0,0.064,0.0
215,2021,2.24,2022,1 year apart,1.0,1.0,1.0,0.647,0.25,0.67,0.978,0.0,0.0,0.0,0.0,0.0
216,2021,1.38,2022,1 year apart,1.0,1.0,0.899,0.971,0.232,0.645,0.725,0.0,0.0,0.0,0.0,0.0
217,2021,1.27,0,no transition seen,1.0,1.0,1.0,0.811,0.409,0.126,0.953,0.0,0.0,0.0,0.0,0.0
218,2021,1.2,0,no transition seen,0.2,0.058,0.05,0.317,0.842,0.25,0.0,0.0,0.025,0.0,0.0,0.0
219,2021,1.2,2021,same year,0.975,1.0,1.0,1.0,1.0,1.0,0.125,0.042,0.008,0.0,0.0,0.058
220,2021,1.12,0,no transition seen,0.0,0.036,0.027,0.018,0.0,0.92,0.0,0.0,0.0,0.116,0.125,0.0
221,2021,1.09,2021,same year,1.0,1.0,1.0,1.0,1.0,0.578,0.22,0.0,0.0,0.0,0.092,0.0
222,2021,0.96,2021,same year,1.0,1.0,1.0,1.0,1.0,1.0,0.0,0.0,0.0,0.0,0.0,0.0
223,2021,0.88,2021,same year,1.0,1.0,1.0,1.0,1.0,0.625,0.17,0.0,0.0,0.0,0.0,0.0
224,2021,0.86,2020,1 year apart,1.0,1.0,1.0,1.0,1.0,0.372,0.0,0.0,0.0,0.0,0.081,0.0
225,2021,0.72,0,no transition seen,0.014,0.0,0.0,0.194,1.0,0.0,0.0,0.0,0.0,0.0,0.0,0.0
226,2021,0.71,0,no transition seen,0.0,0.0,0.0,0.0,0.169,0.93,0.014,0.0,0.0,0.0,1.0,0.986
227,2021,0.64,2021,same year,1.0,1.0,1.0,0.984,1.0,0.953,0.484,0.156,0.0,0.0,0.0,0.0
228,2021,0.6,2020,1 year apart,1.0,1.0,1.0,1.0,1.0,0.0,0.0,0.0,0.0,0.0,0.0,0.0
229,2021,0.52,2021,same year,1.0,1.0,1.0,1.0,1.0,1.0,0.0,0.0,0.0,0.0,0.0,0.0
230,2021,0.51,0,no transition seen,0.0,0.0,0.0,0.0,0.0,0.0,0.0,0.0,0.0,0.0,0.0,0.0
231,2022,71.11,0,no transition seen,0.981,0.937,0.945,0.972,0.964,0.924,0.602,0.026,0.185,0.513,0.645,0.473
232,2022,57.89,2022,same year,0.977,0.993,0.994,0.994,0.979,0.962,0.785,0.007,0.009,0.015,0.247,0.071
233,2022,37.2,2025,more than 1 year apart,1.0,1.0,0.878,0.723,0.761,0.968,0.996,0.835,0.854,0.608,0.17,0.143
234,2022,18.13,2022,same year,0.964,0.973,0.978,0.981,0.98,0.991,0.751,0.015,0.0,0.022,0.339,0.039
235,2022,17.42,2022,same year,0.956,0.945,0.947,0.945,0.952,0.983,0.841,0.0,0.0,0.0,0.045,0.0
236,2022,16.12,2025,more than 1 year apart,0.978,1.0,1.0,0.965,0.959,0.969,0.991,0.893,0.754,0.604,0.262,0.171
237,2022,15.38,2021,1 year apart,1.0,1.0,0.994,0.986,0.988,0.982,0.413,0.0,0.0,0.051,0.001,0.088
238,2022,12.87,2022,same year,0.978,0.968,0.96,0.939,0.944,0.956,0.869,0.0,0.069,0.038,0.004,0.009
239,2022,12.55,2022,same year,0.986,0.976,0.984,0.985,0.991,0.995,0.822,0.0,0.0,0.0,0.129,0.0
240,2022,8.52,2020,more than 1 year apart,0.462,0.614,0.695,0.629,0.505,0.486,0.021,0.005,0.0,0.0,0.0,0.0
241,2022,8.51,2022,same year,0.816,0.851,0.998,0.996,0.996,0.998,0.509,0.0,0.004,0.004,0.002,0.0
242,2022,6.0,2022,same year,0.883,0.882,0.883,0.88,0.878,0.895,0.502,0.0,0.0,0.0,0.0,0.0
243,2022,5.46,2022,same year,1.0,1.0,1.0,1.0,0.954,1.0,0.85,0.004,0.005,0.15,0.0,0.0
244,2022,4.03,0,no transition seen,0.0,0.0,0.0,0.0,0.342,0.968,0.955,0.025,0.002,0.007,0.759,0.568
245,2022,4.01,2022,same year,1.0,1.0,1.0,1.0,1.0,0.995,0.96,0.0,0.0,0.0,0.125,0.0
246,2022,3.39,2022,same year,0.221,0.165,0.18,0.171,0.177,0.864,0.867,0.003,0.0,0.0,0.0,0.0
247,2022,3.22,0,no transition seen,1.0,0.984,1.0,1.0,1.0,1.0,0.755,0.655,0.565,0.165,0.988,0.882
248,2022,2.96,0,no transition seen,1.0,1.0,1.0,1.0,1.0,0.916,0.943,0.959,0.919,0.801,0.324,0.821
249,2022,2.9,0,no transition seen,1.0,1.0,1.0,1.0,1.0,1.0,1.0,1.0,0.872,0.276,0.862,0.962
250,2022,2.67,2022,same year,0.0,0.0,0.0,0.0,0.0,0.925,0.94,0.0,0.0,0.0,0.075,0.0
251,2022,2.56,2021,1 year apart,1.0,0.457,0.492,0.547,0.562,0.672,0.348,0.0,0.0,0.0,0.0,0.0
252,2022,1.99,0,no transition seen,1.0,1.0,1.0,0.995,0.774,0.317,0.302,0.96,1.0,0.955,0.618,0.94
253,2022,1.94,2021,1 year apart,1.0,0.613,0.113,0.969,0.706,0.593,0.345,0.0,0.0,0.0,0.088,0.0
254,2022,1.68,2021,1 year apart,0.97,1.0,1.0,1.0,1.0,0.857,0.119,0.089,0.042,0.0,0.0,0.012
255,2022,1.38,2021,1 year apart,1.0,1.0,0.978,0.906,0.935,0.949,0.0,0.0,0.0,0.0,0.0,0.0
256,2022,1.3,0,no transition seen,0.0,0.0,0.0,0.0,0.092,0.908,0.169,0.0,0.0,0.0,0.392,0.0
257,2022,1.22,0,no transition seen,0.0,0.0,0.0,0.0,0.631,0.836,0.164,0.0,0.0,0.0,0.992,0.967
258,2022,1.08,0,no transition seen,1.0,1.0,1.0,1.0,1.0,1.0,0.0,0.0,0.0,0.0,0.667,0.185
259,2022,1.04,0,no transition seen,0.0,0.0,0.0,0.0,0.01,1.0,1.0,0.096,0.0,0.0,1.0,0.788
260,2022,0.84,0,no transition seen,1.0,1.0,1.0,1.0,1.0,1.0,1.0,1.0,0.94,0.214,0.774,0.476
261,2022,0.77,0,no transition seen,1.0,1.0,1.0,1.0,1.0,1.0,0.494,0.0,0.0,0.0,0.922,0.0
262,2022,0.72,2022,same year,0.792,0.681,0.75,0.736,0.736,0.889,0.722,0.056,0.014,0.0,0.361,0.0
263,2022,0.72,0,no transition seen,0.0,0.0,0.0,0.0,0.056,1.0,0.361,0.056,0.0,0.0,0.556,0.042
264,2022,0.68,2022,same year,0.0,0.0,0.0,0.0,0.074,0.882,0.897,0.0,0.0,0.0,0.25,0.0
265,2022,0.68,2019,more than 1 year apart,0.956,0.941,0.926,0.618,0.103,0.088,0.0,0.0,0.0,0.0,0.0,0.0
266,2022,0.62,0,no transition seen,0.0,0.0,0.0,0.0,0.758,0.952,0.952,0.048,0.0,0.0,1.0,0.742
267,2022,0.6,0,no transition seen,0.883,0.683,0.583,0.567,0.567,0.717,0.0,0.0,0.0,0.0,0.0,0.633
268,2023,55.32,0,no transition seen,0.995,0.998,0.994,0.999,0.998,0.995,0.997,0.693,0.03,0.259,0.764,0.823
269,2023,22.01,2022,1 year apart,1.0,0.993,0.996,0.986,0.986,0.987,0.966,0.436,0.0,0.04,0.002,0.01
270,2023,16.99,2023,same year,0.911,0.905,0.912,0.913,0.913,0.922,0.917,0.528,0.0,0.0,0.0,0.0
271,2023,14.71,2025,more than 1 year apart,1.0,0.997,0.691,0.6,0.996,0.989,0.999,0.821,0.778,0.596,0.132,0.087
272,2023,14.52,2023,same year,1.0,1.0,1.0,1.0,0.991,0.993,1.0,0.599,0.057,0.0,0.436,0.005
273,2023,12.16,2022,1 year apart,1.0,0.86,0.868,0.866,0.869,0.898,0.902,0.081,0.0,0.0,0.0,0.0
274,2023,11.17,2024,1 year apart,1.0,0.896,0.818,0.792,0.397,0.038,0.155,0.662,0.531,0.341,0.145,0.317
275,2023,10.06,2022,1 year apart,0.89,0.882,0.878,0.874,0.876,1.0,0.999,0.243,0.001,0.04,0.0,0.0
276,2023,9.93,0,no transition seen,0.978,0.863,0.51,0.535,0.599,0.923,0.844,0.526,0.0,0.0,0.0,0.514
277,2023,9.25,2022,1 year apart,0.035,0.003,0.0,0.001,0.044,0.516,0.834,0.405,0.0,0.0,0.382,0.0
278,2023,8.84,2022,1 year apart,1.0,0.997,0.942,0.984,0.989,0.969,0.888,0.115,0.118,0.0,0.001,0.006
279,2023,3.04,0,no transition seen,1.0,1.0,1.0,0.98,1.0,1.0,1.0,0.941,0.961,0.836,0.224,0.658
280,2023,1.93,2022,1 year apart,1.0,1.0,1.0,1.0,1.0,1.0,0.71,0.212,0.036,0.026,0.259,0.021
281,2023,1.66,0,no transition seen,0.0,0.0,0.0,0.0,0.006,1.0,0.946,0.518,0.0,0.03,1.0,0.988
282,2023,1.52,0,no transition seen,1.0,1.0,1.0,1.0,1.0,1.0,1.0,0.678,0.0,0.0,0.822,0.026
283,2023,1.5,0,no transition seen,0.0,0.0,0.0,0.0,0.073,1.0,1.0,0.007,0.0,0.007,0.94,0.713
284,2023,1.42,2022,1 year apart,0.0,0.0,0.0,0.0,0.563,1.0,1.0,0.303,0.028,0.0,0.423,0.31
285,2023,1.31,0,no transition seen,0.0,0.0,0.0,0.0,0.008,0.0,0.779,0.534,0.0,0.0,1.0,0.87
286,2023,1.18,0,no transition seen,0.0,0.0,0.0,0.0,0.076,1.0,1.0,0.475,0.0,0.0,0.585,0.475
287,2023,1.03,0,no transition seen,0.0,0.0,0.0,0.0,0.058,0.99,1.0,0.495,0.0,0.0,1.0,0.981
288,2023,1.03,2023,same year,0.961,0.932,0.058,0.097,0.99,0.981,0.99,0.883,0.0,0.32,0.0,0.0
289,2023,0.98,2023,same year,0.827,1.0,1.0,1.0,1.0,1.0,1.0,1.0,0.01,0.02,0.01,0.0
290,2023,0.79,0,no transition seen,0.0,0.0,0.0,0.0,0.013,0.0,1.0,0.203,0.0,0.0,0.633,0.013
291,2023,0.77,0,no transition seen,0.0,0.0,0.0,0.0,0.0,0.0,0.0,0.0,0.0,0.0,0.0,0.0
292,2023,0.7,2022,1 year apart,0.0,0.0,0.0,0.0,0.071,0.957,1.0,0.014,0.0,0.0,0.443,0.329
293,2023,0.68,2016,more than 1 year apart,1.0,0.221,0.206,0.235,0.206,0.353,0.25,0.074,0.0,0.0,0.0,0.029
294,2023,0.66,2022,1 year apart,0.879,0.879,0.879,0.879,0.727,0.894,0.848,0.0,0.0,0.0,0.0,0.0
295,2023,0.65,0,no transition seen,0.0,0.0,0.0,0.0,0.031,1.0,1.0,0.738,0.0,0.0,1.0,1.0
296,2023,0.65,2021,more than 1 year apart,1.0,1.0,1.0,1.0,1.0,0.892,0.292,0.385,0.154,0.0,0.046,0.138
297,2023,0.64,0,no transition seen,0.0,0.0,0.0,0.0,0.0,0.0,0.5,0.078,0.0,0.0,0.0,0.0
298,2023,0.6,2023,same year,1.0,1.0,1.0,1.0,1.0,0.967,1.0,1.0,0.0,0.0,0.0,0.0
299,2023,0.6,2025,more than 1 year apart,1.0,1.0,1.0,1.0,0.783,0.083,0.917,1.0,0.933,0.667,0.033,0.483
300,2023,0.58,2019,more than 1 year apart,0.983,0.966,1.0,0.534,0.483,0.483,0.483,0.0,0.0,0.0,0.0,0.0
301,2023,0.56,0,no transition seen,0.0,0.0,0.0,0.0,0.25,0.143,0.929,0.321,0.0,0.0,1.0,0.768
302,2023,0.55,2022,1 year apart,0.2,0.0,0.0,0.0,0.0,0.527,0.873,0.345,0.0,0.0,0.0,0.0
303,2023,0.52,2022,1 year apart,1.0,1.0,1.0,1.0,1.0,1.0,1.0,0.0,0.0,0.0,0.0,0.0
304,2024,58.14,2024,same year,0.991,0.99,0.973,0.992,0.996,0.974,0.965,0.995,0.792,0.027,0.273,0.494
305,2024,30.97,0,no transition seen,1.0,1.0,1.0,1.0,1.0,1.0,1.0,1.0,1.0,0.912,0.889,0.75
306,2024,11.19,2024,same year,0.962,0.957,0.979,0.99,0.996,0.995,0.994,0.968,0.8,0.0,0.0,0.414
307,2024,9.78,0,no transition seen,0.917,0.964,0.983,0.991,0.931,0.934,0.813,0.843,0.93,0.464,0.946,0.828
308,2024,4.81,2023,1 year apart,1.0,1.0,1.0,1.0,1.0,1.0,1.0,1.0,0.189,0.0,0.0,0.015
309,2024,3.64,2022,more than 1 year apart,0.997,0.997,0.986,1.0,1.0,0.769,0.865,0.14,0.286,0.058,0.0,0.0
310,2024,3.04,0,no transition seen,0.0,0.0,0.0,0.0,0.122,0.648,0.993,0.747,0.895,0.013,0.569,0.102
311,2024,2.37,2023,1 year apart,1.0,1.0,1.0,1.0,0.806,0.781,0.776,0.928,0.038,0.0,0.0,0.0
312,2024,2.21,2022,more than 1 year apart,1.0,1.0,0.995,1.0,1.0,0.995,0.964,0.208,0.204,0.0,0.0,0.0
313,2024,2.12,0,no transition seen,0.0,0.0,0.0,0.0,0.142,0.858,0.958,0.858,0.25,0.057,0.948,0.892
314,2024,2.06,2023,1 year apart,1.0,1.0,1.0,1.0,1.0,1.0,1.0,1.0,0.039,0.0,0.0,0.364
315,2024,1.67,2023,1 year apart,1.0,1.0,1.0,1.0,1.0,1.0,1.0,0.653,0.371,0.0,0.0,0.042
316,2024,1.33,2024,same year,0.737,0.519,0.624,0.617,0.218,0.038,0.925,0.992,0.97,0.008,0.271,0.173
317,2024,1.1,2023,1 year apart,1.0,1.0,0.745,0.855,0.745,0.991,0.991,0.991,0.209,0.0,0.0,0.0
318,2024,0.84,2023,1 year apart,1.0,1.0,1.0,0.988,0.988,0.988,0.988,0.94,0.226,0.0,0.0,0.0
319,2024,0.78,2023,1 year apart,1.0,1.0,1.0,1.0,1.0,1.0,1.0,0.731,0.0,0.462,0.0,0.0
320,2024,0.68,2022,more than 1 year apart,1.0,1.0,1.0,1.0,1.0,1.0,0.882,0.059,0.279,0.044,0.0,0.0
321,2024,0.68,2024,same year,1.0,1.0,1.0,1.0,1.0,1.0,1.0,1.0,1.0,0.0,0.0,0.0
322,2024,0.67,2023,1 year apart,1.0,1.0,1.0,1.0,1.0,1.0,1.0,1.0,0.0,0.0,0.0,0.0
323,2024,0.67,0,no transition seen,0.0,0.0,0.0,0.0,0.0,0.0,0.0,0.0,0.985,0.0,0.0,0.0
324,2024,0.61,2023,1 year apart,1.0,1.0,1.0,1.0,1.0,1.0,1.0,1.0,0.361,0.0,0.0,0.0
325,2024,0.6,0,no transition seen,1.0,0.967,0.983,0.967,0.833,0.767,0.017,0.783,0.75,0.0,0.617,0.017
326,2024,0.52,0,no transition seen,0.0,0.0,0.0,0.0,0.077,1.0,1.0,1.0,0.288,0.0,0.596,0.558
327,2024,0.52,0,no transition seen,0.0,0.0,0.0,0.0,0.096,1.0,0.577,0.654,0.154,0.038,0.981,0.115
328,2024,0.52,2024,same year,1.0,1.0,1.0,0.885,0.808,0.865,0.981,1.0,0.904,0.442,0.173,0.0
329,2024,0.52,0,no transition seen,0.0,0.0,0.0,0.0,0.0,0.0,0.0,0.0,0.0,0.0,0.0,0.0
330,2025,45.29,0,no transition seen,1.0,1.0,1.0,1.0,1.0,1.0,1.0,1.0,1.0,0.999,0.869,0.843
331,2025,42.91,2025,same year,0.994,0.983,0.988,1.0,1.0,0.993,0.998,0.999,1.0,0.755,0.04,0.172
332,2025,25.91,2025,same year,0.997,0.942,0.932,0.919,0.923,0.938,0.921,0.9,0.827,0.646,0.0,0.205
333,2025,22.72,2024,1 year apart,0.997,0.994,0.994,0.984,0.998,0.999,0.999,1.0,0.967,0.393,0.0,0.308
334,2025,12.49,2024,1 year apart,1.0,1.0,1.0,1.0,1.0,1.0,1.0,0.835,0.849,0.146,0.0,0.002
335,2025,9.38,2024,1 year apart,0.997,0.996,0.918,0.971,0.978,0.958,0.952,0.972,0.955,0.016,0.125,0.292
336,2025,6.62,2024,1 year apart,0.992,0.991,0.994,0.992,0.994,0.994,0.995,0.997,0.982,0.249,0.0,0.006
337,2025,5.28,0,no transition seen,1.0,1.0,1.0,1.0,1.0,1.0,1.0,1.0,1.0,0.992,0.928,0.797
338,2025,4.64,0,no transition seen,0.0,0.0,0.0,0.0,0.412,0.981,1.0,1.0,0.994,0.862,1.0,0.901
339,2025,4.18,0,no transition seen,1.0,1.0,1.0,1.0,1.0,1.0,1.0,1.0,1.0,1.0,0.737,0.895
340,2025,3.92,0,no transition seen,1.0,1.0,1.0,1.0,1.0,1.0,1.0,1.0,1.0,1.0,0.704,0.842
341,2025,3.56,2024,1 year apart,1.0,1.0,0.952,0.978,0.933,0.935,0.935,0.997,0.772,0.497,0.0,0.0
342,2025,3.3,2025,same year,0.994,0.976,0.976,0.979,0.973,0.952,0.715,0.718,0.897,0.609,0.0,0.0
343,2025,2.96,0,no transition seen,1.0,1.0,1.0,1.0,1.0,1.0,1.0,1.0,0.986,0.861,0.997,0.723
344,2025,2.72,0,no transition seen,1.0,1.0,1.0,1.0,1.0,1.0,1.0,1.0,1.0,1.0,0.625,0.989
345,2025,1.98,0,no transition seen,0.0,0.0,0.076,0.03,0.0,0.121,0.0,0.0,0.005,0.0,0.0,0.0
346,2025,1.97,0,no transition seen,0.0,0.0,0.0,0.0,0.0,0.574,0.0,0.873,0.31,0.173,0.0,0.0
347,2025,1.91,0,no transition seen,1.0,1.0,1.0,1.0,1.0,1.0,1.0,1.0,1.0,1.0,0.66,0.88
348,2025,1.88,0,no transition seen,0.42,0.319,0.34,0.356,0.447,0.122,1.0,1.0,0.936,0.824,0.989,0.495
349,2025,1.51,2025,same year,0.907,0.921,0.947,1.0,1.0,1.0,1.0,1.0,1.0,0.881,0.013,0.007
350,2025,1.43,2025,same year,0.958,0.965,0.972,0.965,0.972,0.965,0.979,0.958,0.832,0.685,0.0,0.0
351,2025,1.33,2024,1 year apart,1.0,1.0,1.0,1.0,0.985,0.977,0.895,1.0,0.917,0.135,0.0,0.0
352,2025,1.3,0,no transition seen,0.0,0.0,0.0,0.0,0.438,1.0,0.985,0.762,0.823,0.662,1.0,0.392
353,2025,0.99,2025,same year,0.0,0.0,0.0,0.0,0.051,0.212,0.172,0.343,0.99,0.848,0.121,0.0
354,2025,0.92,0,no transition seen,1.0,1.0,1.0,1.0,1.0,1.0,1.0,1.0,1.0,1.0,0.75,1.0
355,2025,0.9,0,no transition seen,1.0,1.0,1.0,1.0,1.0,0.522,0.2,0.011,0.1,0.989,0.856,0.489
356,2025,0.88,0,no transition seen,1.0,1.0,1.0,1.0,1.0,1.0,0.0,0.0,0.989,0.966,0.977,0.523
357,2025,0.82,0,no transition seen,0.976,0.902,0.622,0.0,0.89,0.0,0.585,0.488,0.232,0.098,0.0,0.0
358,2025,0.8,0,no transition seen,1.0,1.0,1.0,1.0,1.0,1.0,0.638,0.225,0.288,1.0,0.9,0.562
359,2025,0.62,0,no transition seen,0.0,0.0,0.0,0.0,0.0,0.0,0.0,0.79,0.468,0.0,0.0,0.0
360,2025,0.56,2023,more than 1 year apart,0.0,0.0,0.0,0.0,0.0,0.0,1.0,0.625,0.143,0.018,0.0,0.0
361,2025,0.56,0,no transition seen,0.018,0.0,0.0,0.0,0.0,0.0,0.0,0.0,0.0,0.0,0.0,0.0
362,2025,0.52,2025,same year,1.0,1.0,1.0,1.0,1.0,1.0,1.0,1.0,1.0,1.0,0.212,0.0
