year,pixels,area_ha,radar_confirmed_pct
2016,kept,156.78,37.7
2016,removed,144.84,11.4
2017,kept,349.65,58.6
2017,removed,116.34,21.3
2018,kept,324.78,43.1
2018,removed,59.87,37.3
2019,kept,268.9,51.9
2019,removed,53.64,28.8
2020,kept,238.73,73.0
2020,removed,67.39,25.9
2021,kept,192.51,61.1
2021,removed,98.94,17.2
2022,kept,330.16,48.6
2022,removed,83.63,15.5
2023,kept,210.51,45.2
2023,removed,52.17,30.4
2024,kept,142.04,33.8
2024,removed,67.53,23.0
2025,kept,216.76,48.2
2025,removed,84.93,11.4
all,kept,2430.82,51.2
all,removed,829.28,20.2
