HABITAT_CODE,HABITAT_TYPE,n_2010_11,area_ha_2010_11,n_2018,area_ha_2018
1,Built-up,4091.0,1054.44,4617.0,1725.69
2,Rock Bund,599.0,53.65,2009.0,104.1
3,Sandflat,988.0,109.03,2567.0,236.66
4,Mudflat,2289.0,368.74,3043.0,400.96
5,Rocky Shore,264.0,17.08,2371.0,41.17
6,Sandy Beach,626.0,100.19,1628.0,118.16
7,Lagoon,44.0,57.24,,
8,Openland,1628.0,679.16,5384.0,2126.63
9,Mangrove,727.0,956.93,1779.0,933.82
10,Seagrass Meadow,16.0,13.9,1047.0,40.8
11,Seagrass and Algae,1817.0,118.99,2958.0,189.42
12,Other Vegetation,5045.0,4930.6,3749.0,4441.31
13,Sand and Rubble,868.0,409.61,1578.0,451.87
14,Coral Rubble with Seagrass and Algae,424.0,386.87,1766.0,384.18
15,Coral Reef Slope,287.0,132.9,949.0,101.59
16,Water,1408.0,5069.79,2341.0,910.71
17,Sand in Sentosa Golf Club,139.0,6.69,,
18,Small Patch Reef,13.0,1.51,,
19,Shallow Water,643.0,122.0,595.0,1544.85
20,Coastal Vegetation,,,1794.0,805.78
21,Coral on Rock Bund,,,49.0,42.32
