dataset,source,dataset_id,year,file,n_images,downloaded_on,downloaded_by,licence,notes
NParks Coastal and Marine Habitat Map (map_2010_11),data.gov.sg,d_37d905893542417ee27c2f9153c08330,2010_11,data/raw/habitat/habitat_2010_11.geojson,,2026-10-05,papersheep,Singapore Open Data Licence,
NParks Coastal and Marine Habitat Map (map_2018),data.gov.sg,d_18bcfe0a1b8c77f9b4493cef72ffd717,2018,data/raw/habitat/habitat_2018.geojson,,2026-10-05,papersheep,Singapore Open Data Licence,
Total Land Area of Singapore (SLA),data.gov.sg,d_f74e5ee9575e98ba439bee67e8f9b097,1960-2025,data/raw/reference/sg_total_land_area.csv,,2026-10-05,papersheep,Singapore Open Data Licence,
Singapore national boundary (OSM admin_level=2),OpenStreetMap via Nominatim,,,data/raw/boundary/sg_osm_boundary.geojson,,2026-10-05,papersheep,ODbL 1.0,(c) OpenStreetMap contributors; check that it includes territorial waters
Sentinel-2 L1C annual MNDWI percentile,Google Earth Engine,COPERNICUS/S2_HARMONIZED,2015,data/raw/s2_mndwi/s2_mndwi_2015.tif,26,2026-10-05,papersheep,"Copernicus Sentinel data, free and open","bands: mndwi, n_obs; EPSG:3414 10 m"
Sentinel-2 L1C annual MNDWI percentile,Google Earth Engine,COPERNICUS/S2_HARMONIZED,2016,data/raw/s2_mndwi/s2_mndwi_2016.tif,60,2026-10-05,papersheep,"Copernicus Sentinel data, free and open","bands: mndwi, n_obs; EPSG:3414 10 m"
Sentinel-2 L1C annual MNDWI percentile,Google Earth Engine,COPERNICUS/S2_HARMONIZED,2017,data/raw/s2_mndwi/s2_mndwi_2017.tif,51,2026-10-05,papersheep,"Copernicus Sentinel data, free and open","bands: mndwi, n_obs; EPSG:3414 10 m"
Sentinel-2 L1C annual MNDWI percentile,Google Earth Engine,COPERNICUS/S2_HARMONIZED,2018,data/raw/s2_mndwi/s2_mndwi_2018.tif,73,2026-10-05,papersheep,"Copernicus Sentinel data, free and open","bands: mndwi, n_obs; EPSG:3414 10 m"
Sentinel-2 L1C annual MNDWI percentile,Google Earth Engine,COPERNICUS/S2_HARMONIZED,2019,data/raw/s2_mndwi/s2_mndwi_2019.tif,71,2026-10-05,papersheep,"Copernicus Sentinel data, free and open","bands: mndwi, n_obs; EPSG:3414 10 m"
Sentinel-2 L1C annual MNDWI percentile,Google Earth Engine,COPERNICUS/S2_HARMONIZED,2020,data/raw/s2_mndwi/s2_mndwi_2020.tif,73,2026-10-05,papersheep,"Copernicus Sentinel data, free and open","bands: mndwi, n_obs; EPSG:3414 10 m"
Sentinel-2 L1C annual MNDWI percentile,Google Earth Engine,COPERNICUS/S2_HARMONIZED,2021,data/raw/s2_mndwi/s2_mndwi_2021.tif,73,2026-10-05,papersheep,"Copernicus Sentinel data, free and open","bands: mndwi, n_obs; EPSG:3414 10 m"
Sentinel-2 L1C annual MNDWI percentile,Google Earth Engine,COPERNICUS/S2_HARMONIZED,2022,data/raw/s2_mndwi/s2_mndwi_2022.tif,73,2026-10-05,papersheep,"Copernicus Sentinel data, free and open","bands: mndwi, n_obs; EPSG:3414 10 m"
Sentinel-2 L1C annual MNDWI percentile,Google Earth Engine,COPERNICUS/S2_HARMONIZED,2023,data/raw/s2_mndwi/s2_mndwi_2023.tif,73,2026-10-05,papersheep,"Copernicus Sentinel data, free and open","bands: mndwi, n_obs; EPSG:3414 10 m"
Sentinel-2 L1C annual MNDWI percentile,Google Earth Engine,COPERNICUS/S2_HARMONIZED,2024,data/raw/s2_mndwi/s2_mndwi_2024.tif,75,2026-10-05,papersheep,"Copernicus Sentinel data, free and open","bands: mndwi, n_obs; EPSG:3414 10 m"
Sentinel-2 L1C annual MNDWI percentile,Google Earth Engine,COPERNICUS/S2_HARMONIZED,2025,data/raw/s2_mndwi/s2_mndwi_2025.tif,89,2026-10-05,papersheep,"Copernicus Sentinel data, free and open","bands: mndwi, n_obs; EPSG:3414 10 m"
Sentinel-2 L1C annual MNDWI percentile,Google Earth Engine,COPERNICUS/S2_HARMONIZED,2026,data/raw/s2_mndwi/s2_mndwi_2026.tif,66,2026-10-05,papersheep,"Copernicus Sentinel data, free and open","bands: mndwi, n_obs; EPSG:3414 10 m"
Landsat 8 C2 TOA annual MNDWI percentile,Google Earth Engine,LANDSAT/LC08/C02/T1_TOA,2014,data/raw/landsat_mndwi/l8_mndwi_2014.tif,21,2026-10-05,papersheep,USGS public domain,"bands: mndwi, n_obs; EPSG:3414 10 m"
Landsat 8 C2 TOA annual MNDWI percentile,Google Earth Engine,LANDSAT/LC08/C02/T1_TOA,2015,data/raw/landsat_mndwi/l8_mndwi_2015.tif,22,2026-10-05,papersheep,USGS public domain,"bands: mndwi, n_obs; EPSG:3414 10 m"
Landsat 8 C2 TOA annual MNDWI percentile,Google Earth Engine,LANDSAT/LC08/C02/T1_TOA,2016,data/raw/landsat_mndwi/l8_mndwi_2016.tif,20,2026-10-05,papersheep,USGS public domain,"bands: mndwi, n_obs; EPSG:3414 10 m"
Singapore reservoirs and solar plants (OSM),OpenStreetMap via Overpass,,,data/raw/reference/osm_reservoir_solar.json,,2026-10-05,papersheep,ODbL 1.0,"(c) OpenStreetMap contributors; water/landuse=reservoir, power=plant solar"
Sentinel-1 GRD annual median VV,Google Earth Engine,COPERNICUS/S1_GRD,2015,data/raw/s1_vv/s1_vv_median_2015.tif,47,2026-10-06,papersheep,"Copernicus Sentinel data, free and open","bands: vv_median, n_obs; EPSG:3414 10 m"
Sentinel-1 GRD annual median VV,Google Earth Engine,COPERNICUS/S1_GRD,2016,data/raw/s1_vv/s1_vv_median_2016.tif,70,2026-10-06,papersheep,"Copernicus Sentinel data, free and open","bands: vv_median, n_obs; EPSG:3414 10 m"
Sentinel-1 GRD annual median VV,Google Earth Engine,COPERNICUS/S1_GRD,2017,data/raw/s1_vv/s1_vv_median_2017.tif,102,2026-10-06,papersheep,"Copernicus Sentinel data, free and open","bands: vv_median, n_obs; EPSG:3414 10 m"
Sentinel-1 GRD annual median VV,Google Earth Engine,COPERNICUS/S1_GRD,2018,data/raw/s1_vv/s1_vv_median_2018.tif,117,2026-10-06,papersheep,"Copernicus Sentinel data, free and open","bands: vv_median, n_obs; EPSG:3414 10 m"
Sentinel-1 GRD annual median VV,Google Earth Engine,COPERNICUS/S1_GRD,2019,data/raw/s1_vv/s1_vv_median_2019.tif,119,2026-10-06,papersheep,"Copernicus Sentinel data, free and open","bands: vv_median, n_obs; EPSG:3414 10 m"
Sentinel-1 GRD annual median VV,Google Earth Engine,COPERNICUS/S1_GRD,2020,data/raw/s1_vv/s1_vv_median_2020.tif,116,2026-10-06,papersheep,"Copernicus Sentinel data, free and open","bands: vv_median, n_obs; EPSG:3414 10 m"
Sentinel-1 GRD annual median VV,Google Earth Engine,COPERNICUS/S1_GRD,2021,data/raw/s1_vv/s1_vv_median_2021.tif,121,2026-10-06,papersheep,"Copernicus Sentinel data, free and open","bands: vv_median, n_obs; EPSG:3414 10 m"
Sentinel-1 GRD annual median VV,Google Earth Engine,COPERNICUS/S1_GRD,2022,data/raw/s1_vv/s1_vv_median_2022.tif,111,2026-10-06,papersheep,"Copernicus Sentinel data, free and open","bands: vv_median, n_obs; EPSG:3414 10 m"
Sentinel-1 GRD annual median VV,Google Earth Engine,COPERNICUS/S1_GRD,2023,data/raw/s1_vv/s1_vv_median_2023.tif,109,2026-10-06,papersheep,"Copernicus Sentinel data, free and open","bands: vv_median, n_obs; EPSG:3414 10 m"
Sentinel-1 GRD annual median VV,Google Earth Engine,COPERNICUS/S1_GRD,2024,data/raw/s1_vv/s1_vv_median_2024.tif,100,2026-10-06,papersheep,"Copernicus Sentinel data, free and open","bands: vv_median, n_obs; EPSG:3414 10 m"
Sentinel-1 GRD annual median VV,Google Earth Engine,COPERNICUS/S1_GRD,2025,data/raw/s1_vv/s1_vv_median_2025.tif,109,2026-10-06,papersheep,"Copernicus Sentinel data, free and open","bands: vv_median, n_obs; EPSG:3414 10 m"
Sentinel-1 GRD annual median VV,Google Earth Engine,COPERNICUS/S1_GRD,2026,data/raw/s1_vv/s1_vv_median_2026.tif,76,2026-10-06,papersheep,"Copernicus Sentinel data, free and open","bands: vv_median, n_obs; EPSG:3414 10 m"
